block_number,timestamp,datetime_utc,hash,parent_hash,miner,gas_used,gas_limit,base_fee_per_gas,tx_count
21540120,1735861055,2025-01-02T23:37:35Z,0x8221dbceeded3ef7747a6b97087383d7f799ab1bfba8ffa5db8a08d9cf28bd03,0x363d5cd97a4087e3f57e76229623ad5ad719a0fb82ce9affc7fdc8bfb5ccf1a7,0x4838b106fce9647bdf1e7877bf73ce8b0bad5f97,14207236,30029295,8205191258,150
21540121,1735861067,2025-01-02T23:37:47Z,0x6d381571b350dbb01b538a5f7296e68fd8480cc6eba6b28ee9d2858d51889288,0x8221dbceeded3ef7747a6b97087383d7f799ab1bfba8ffa5db8a08d9cf28bd03,0x4838b106fce9647bdf1e7877bf73ce8b0bad5f97,11654255,30000000,8150037101,124
21540122,1735861079,2025-01-02T23:37:59Z,0x77a846e68e74df5bdff79e9c1fa24b1c31c20f1b5fdd03bf1948e2cabafee4b6,0x6d381571b350dbb01b538a5f7296e68fd8480cc6eba6b28ee9d2858d51889288,0x4838b106fce9647bdf1e7877bf73ce8b0bad5f97,13559485,30000000,7922804219,158
21540123,1735861091,2025-01-02T23:38:11Z,0x74f4b58ee72b51826f29d5f19cdcae8b008e2f42fb7c24ff89b37a389e48e246,0x77a846e68e74df5bdff79e9c1fa24b1c31c20f1b5fdd03bf1948e2cabafee4b6,0x95222290dd7278aa3ddd389cc1e1d165cc4bafe5,14120629,30029295,7827696567,150
21540124,1735861103,2025-01-02T23:38:23Z,0xfd9b51dd267e3be32197152c3594736a37d37444f881cb0b7c70f84e02dc719b,0x74f4b58ee72b51826f29d5f19cdcae8b008e2f42fb7c24ff89b37a389e48e246,0x7e2a2fa2a064f693f0a55c5639476d913ff12d05,6515438,30000000,7769435943,76
21540125,1735861115,2025-01-02T23:38:35Z,0x2cb87d0415a079b9b2e2711e15a0562ca54d4f2295e6b1e236f7a09e210abc63,0xfd9b51dd267e3be32197152c3594736a37d37444f881cb0b7c70f84e02dc719b,0x95222290dd7278aa3ddd389cc1e1d165cc4bafe5,29985778,30000000,7220100435,303
21540126,1735861127,2025-01-02T23:38:47Z,0xb7f32c872be5975846aee4d14c8a629ae8ced97a8d88b3fa7671745602d109b4,0x2cb87d0415a079b9b2e2711e15a0562ca54d4f2295e6b1e236f7a09e210abc63,0x4838b106fce9647bdf1e7877bf73ce8b0bad5f97,10352828,30000000,8121757287,129
21540127,1735861139,2025-01-02T23:38:59Z,0x31ba5387adda68f1721889c7acbdf33858b79ac89f75e11aec053df931883710,0xb7f32c872be5975846aee4d14c8a629ae8ced97a8d88b3fa7671745602d109b4,0x95222290dd7278aa3ddd389cc1e1d165cc4bafe5,11211495,30029295,7807230595,116
21540128,1735861151,2025-01-02T23:39:11Z,0xaa5a9ea5c979829b83003a25385a974ae17c82818216b30fc5aaa2f9b1eb1345,0x31ba5387adda68f1721889c7acbdf33858b79ac89f75e11aec053df931883710,0x4838b106fce9647bdf1e7877bf73ce8b0bad5f97,17373026,30058619,7560037932,163
21540129,1735861163,2025-01-02T23:39:23Z,0xbe835e99f2f37b92bdbc2df2dae28bee8ca3d15ce5fbf1770b287bbc96bc7bbd,0xaa5a9ea5c979829b83003a25385a974ae17c82818216b30fc5aaa2f9b1eb1345,0x95222290dd7278aa3ddd389cc1e1d165cc4bafe5,13424819,30029266,7707404898,144
21540130,1735861175,2025-01-02T23:39:35Z,0x00a294af674af9028cd51142701054aac44b59eabd554b221e5264f440eba656,0xbe835e99f2f37b92bdbc2df2dae28bee8ca3d15ce5fbf1770b287bbc96bc7bbd,0x4838b106fce9647bdf1e7877bf73ce8b0bad5f97,17056061,30000000,7605393246,168
21540131,1735861187,2025-01-02T23:39:47Z,0x4f598d22e66ce64c7402aa5584ba219d409c620a8598784b1a65bf40e0b4a1f5,0x00a294af674af9028cd51142701054aac44b59eabd554b221e5264f440eba656,0x4838b106fce9647bdf1e7877bf73ce8b0bad5f97,11244189,30029295,7735702849,123
21540132,1735861199,2025-01-02T23:39:59Z,0x6affd60fcb0ae279e36c09a1e9141e34004721f00ce4920de61b626e40bfc918,0x4f598d22e66ce64c7402aa5584ba219d409c620a8598784b1a65bf40e0b4a1f5,0x95222290dd7278aa3ddd389cc1e1d165cc4bafe5,18818263,30000000,7492880435,176
21540133,1735861211,2025-01-02T23:40:11Z,0xac1b12e998092c5bb943db7a869a010525e44eddbec611c58a426aba2a008ffb,0x6affd60fcb0ae279e36c09a1e9141e34004721f00ce4920de61b626e40bfc918,0x95222290dd7278aa3ddd389cc1e1d165cc4bafe5,17854182,30029295,7731295336,170
21540134,1735861223,2025-01-02T23:40:23Z,0x32c4abe026713b95dcfa1281dd3adb230cbfc5f316351b9f7954c814ef043cb7,0xac1b12e998092c5bb943db7a869a010525e44eddbec611c58a426aba2a008ffb,0x95222290dd7278aa3ddd389cc1e1d165cc4bafe5,12924528,30000000,7914060902,116
21540135,1735861235,2025-01-02T23:40:35Z,0x788cd51214f738bc85471480a65420594febe4f9b36b6ff1f0c8da18d146f58a,0x32c4abe026713b95dcfa1281dd3adb230cbfc5f316351b9f7954c814ef043cb7,0x4838b106fce9647bdf1e7877bf73ce8b0bad5f97,13462785,30000000,7777182471,170
21540136,1735861247,2025-01-02T23:40:47Z,0x2940ff953815961216038b88631238fa4b728acf484c15f647e9710b47335b98,0x788cd51214f738bc85471480a65420594febe4f9b36b6ff1f0c8da18d146f58a,0x4838b106fce9647bdf1e7877bf73ce8b0bad5f97,14699735,30029295,7677555792,185
21540137,1735861259,2025-01-02T23:40:59Z,0x6cb7bf4806c589efb786cf38d0c4040c3c21c430500e7ac8441f85f4d2bc8b0c,0x2940ff953815961216038b88631238fa4b728acf484c15f647e9710b47335b98,0x388c818ca8b9251b393131c08a736a67ccb19297,4836472,30029295,7657427493,56
21540138,1735861271,2025-01-02T23:41:11Z,0xe055e743c31b4f5abf324625264fb60bbca3076b02b6594d6e600dca130c8038,0x6cb7bf4806c589efb786cf38d0c4040c3c21c430500e7ac8441f85f4d2bc8b0c,0x95222290dd7278aa3ddd389cc1e1d165cc4bafe5,23167495,30000000,7008572437,268
21540139,1735861283,2025-01-02T23:41:23Z,0x43d9b009e72f50efd13ed8c61d6b4accdfd7c02b6e473dd4cb7a9c8364d4b7a5,0xe055e743c31b4f5abf324625264fb60bbca3076b02b6594d6e600dca130c8038,0x95222290dd7278aa3ddd389cc1e1d165cc4bafe5,10289566,30029295,7485593106,122
21540140,1735861295,2025-01-02T23:41:35Z,0x5ce1e6074fb016c927a0dbaaab3e71d2fdf3b22c6b4759036d5ce4069b0d6daf,0x43d9b009e72f50efd13ed8c61d6b4accdfd7c02b6e473dd4cb7a9c8364d4b7a5,0x95222290dd7278aa3ddd389cc1e1d165cc4bafe5,18530049,30000000,7191130358,161
21540141,1735861307,2025-01-02T23:41:47Z,0xfa1f9a3e74b7eec70da366990408f95211829c46ecfbedf692857dcc3d36550f,0x5ce1e6074fb016c927a0dbaaab3e71d2fdf3b22c6b4759036d5ce4069b0d6daf,0x388c818ca8b9251b393131c08a736a67ccb19297,5384573,30000000,7402672379,70
21540142,1735861319,2025-01-02T23:41:59Z,0xa868352a58e03e16d06eea822963bfee3a90274ffe5e226b5477633bc4f73de7,0xfa1f9a3e74b7eec70da366990408f95211829c46ecfbedf692857dcc3d36550f,0x4838b106fce9647bdf1e7877bf73ce8b0bad5f97,29788574,30029295,6809506914,365
21540143,1735861331,2025-01-02T23:42:11Z,0xf54b19db21417c46a40f854295fd3f8da24fb9e40f523bf2b0546c67f9042513,0xa868352a58e03e16d06eea822963bfee3a90274ffe5e226b5477633bc4f73de7,0x4838b106fce9647bdf1e7877bf73ce8b0bad5f97,12695447,30058619,7647048732,166
21540144,1735861343,2025-01-02T23:42:23Z,0xc06cd8720eb63b8fab0ed1a12a5b13290176f576040ed84b2ffd40e9b04af541,0xf54b19db21417c46a40f854295fd3f8da24fb9e40f523bf2b0546c67f9042513,0x21539334f45ac41bd10789942b744a18a4775d6d,5797295,30029266,7498612463,104
21540145,1735861355,2025-01-02T23:42:35Z,0xe92717418246574a1625f8807442ba88f846caed9356c9297f4130b054b1acd8,0xc06cd8720eb63b8fab0ed1a12a5b13290176f576040ed84b2ffd40e9b04af541,0x4838b106fce9647bdf1e7877bf73ce8b0bad5f97,20938494,30000000,6923196754,218
21540146,1735861367,2025-01-02T23:42:47Z,0x6c871ff026d3daa3c16f62a8f4b1cc131dea9b9735cc27ed9cdc7595f20464f0,0xe92717418246574a1625f8807442ba88f846caed9356c9297f4130b054b1acd8,0x4838b106fce9647bdf1e7877bf73ce8b0bad5f97,10407937,30029295,7265808107,148
21540147,1735861379,2025-01-02T23:42:59Z,0xa7ed929577bc78b10f03ad2c06a1ee5ec02203c1fe0aae8ef80afe3f39bb5961,0x6c871ff026d3daa3c16f62a8f4b1cc131dea9b9735cc27ed9cdc7595f20464f0,0x4838b106fce9647bdf1e7877bf73ce8b0bad5f97,15758099,30000000,6987151283,168
21540148,1735861391,2025-01-02T23:43:11Z,0x74c03a0520ce7a9cf59714a9173578962844aa4c2bad007a0e9a266c380ab470,0xa7ed929577bc78b10f03ad2c06a1ee5ec02203c1fe0aae8ef80afe3f39bb5961,0x4838b106fce9647bdf1e7877bf73ce8b0bad5f97,15626026,30000000,7031292553,143
21540149,1735861403,2025-01-02T23:43:23Z,0xc5abc9d765399f74a50c91b50fb040f87117753ea4d554b6cf51354cffa9f71c,0x74c03a0520ce7a9cf59714a9173578962844aa4c2bad007a0e9a266c380ab470,0x95222290dd7278aa3ddd389cc1e1d165cc4bafe5,19423215,30029295,7067973985,142
21540150,1735861415,2025-01-02T23:43:35Z,0x9724bed7bac2e39755dbefda99d655d168625fc451c632d1e6b8f13255173cec,0xc5abc9d765399f74a50c91b50fb040f87117753ea4d554b6cf51354cffa9f71c,0x4838b106fce9647bdf1e7877bf73ce8b0bad5f97,13324941,30000000,7327384378,151
21540151,1735861427,2025-01-02T23:43:47Z,0x1ea9f3d43aa6c4d60ee77258bc3651adc7e1a46ac3ba2484ba0f616318f5573c,0x9724bed7bac2e39755dbefda99d655d168625fc451c632d1e6b8f13255173cec,0x4838b106fce9647bdf1e7877bf73ce8b0bad5f97,16019824,30000000,7225102702,160
21540152,1735861439,2025-01-02T23:43:59Z,0xf0c6230729e87e46ffe8212d0917f9d43b241e8e57b0b490fe2d061e2b6b9653,0x1ea9f3d43aa6c4d60ee77258bc3651adc7e1a46ac3ba2484ba0f616318f5573c,0x9f4cf329f4cf376b7aded854d6054859dd102a2a,2267676,30000000,7286505478,51
21540153,1735861451,2025-01-02T23:44:11Z,0xf93cadceabcb3fb2fd59d55fd497eff230fa1facc422597ef187b5a075cf3bc3,0xf0c6230729e87e46ffe8212d0917f9d43b241e8e57b0b490fe2d061e2b6b9653,0x95222290dd7278aa3ddd389cc1e1d165cc4bafe5,30012798,30029295,6513387574,291
21540154,1735861463,2025-01-02T23:44:23Z,0x19072a5e5a314ddc5b7ea31e19bc46e64700ebe06dc3660cdb24eb3112c1ae8a,0xf93cadceabcb3fb2fd59d55fd497eff230fa1facc422597ef187b5a075cf3bc3,0xa27cef8af2b6575903b676e5644657fae96f491f,7079751,30000000,7326666520,90
21540155,1735861475,2025-01-02T23:44:35Z,0xeb0087820fd81dd3d89023f46aa8866a241e380ef300c1ae0baa94944ba138cc,0x19072a5e5a314ddc5b7ea31e19bc46e64700ebe06dc3660cdb24eb3112c1ae8a,0x95222290dd7278aa3ddd389cc1e1d165cc4bafe5,20783173,30000000,6843091327,184
21540156,1735861487,2025-01-02T23:44:47Z,0xd617d7abfcaeab139f2c9b7446c500f7ad5593158b5f9521e4e59754b81ae34f,0xeb0087820fd81dd3d89023f46aa8866a241e380ef300c1ae0baa94944ba138cc,0x4838b106fce9647bdf1e7877bf73ce8b0bad5f97,24074548,30029295,7172881168,167
21540157,1735861499,2025-01-02T23:44:59Z,0x83a199c87b5dd902c64ec2f091048a5ae38a44d5e87de20f98921d507bfd9130,0xd617d7abfcaeab139f2c9b7446c500f7ad5593158b5f9521e4e59754b81ae34f,0x4838b106fce9647bdf1e7877bf73ce8b0bad5f97,9898295,30000000,7713899492,118
21540158,1735861511,2025-01-02T23:45:11Z,0x0549d80b7dd1cf987c3021dc5ffc2219d96f48c9ca926e55c2c01edd082e354d,0x83a199c87b5dd902c64ec2f091048a5ae38a44d5e87de20f98921d507bfd9130,0x95222290dd7278aa3ddd389cc1e1d165cc4bafe5,18750552,30029295,7385949162,182
21540159,1735861523,2025-01-02T23:45:23Z,0xc97ea96ce362738c2c690538452b6e27b63c98a0998e4e2c799d30e8362dea99,0x0549d80b7dd1cf987c3021dc5ffc2219d96f48c9ca926e55c2c01edd082e354d,0x95222290dd7278aa3ddd389cc1e1d165cc4bafe5,12803064,30000000,7615668219,115
21540160,1735861535,2025-01-02T23:45:35Z,0x16d6be57366cda38152151e8c62c04393eac7cfbf2d10c91c99e120d09f24d1f,0xc97ea96ce362738c2c690538452b6e27b63c98a0998e4e2c799d30e8362dea99,0x4838b106fce9647bdf1e7877bf73ce8b0bad5f97,10825020,30000000,7476242089,125
21540161,1735861547,2025-01-02T23:45:47Z,0x9a339a95d025dfa8d13010ec8f7349c8d58b52e358d2c750379b956090523822,0x16d6be57366cda38152151e8c62c04393eac7cfbf2d10c91c99e120d09f24d1f,0x4838b106fce9647bdf1e7877bf73ce8b0bad5f97,13503267,30000000,7216132413,165
21540162,1735861559,2025-01-02T23:45:59Z,0xbf0e8d3ed71f299a947805d79aeb088d8e3bb31a5110852588f212d2cf604920,0x9a339a95d025dfa8d13010ec8f7349c8d58b52e358d2c750379b956090523822,0x4838b106fce9647bdf1e7877bf73ce8b0bad5f97,12475029,30000000,7126127218,146
21540163,1735861571,2025-01-02T23:46:11Z,0xfa7f1cf22a86e00314b6c82ebe77a5fc68cdcbd49b537ac4d547345fdc8c78ad,0xbf0e8d3ed71f299a947805d79aeb088d8e3bb31a5110852588f212d2cf604920,0x95222290dd7278aa3ddd389cc1e1d165cc4bafe5,18381296,30000000,6976183347,192
21540164,1735861583,2025-01-02T23:46:23Z,0x71e2909c735c4b8901d38ee230617afb8d2e072fa2f4ccdf2685c0ff9e749a99,0xfa7f1cf22a86e00314b6c82ebe77a5fc68cdcbd49b537ac4d547345fdc8c78ad,0x4838b106fce9647bdf1e7877bf73ce8b0bad5f97,11898867,30000000,7172754520,119
21540165,1735861595,2025-01-02T23:46:35Z,0xc97a0661292fee5c519c569a7d06e6c3cb67a28b15fd296be03e289011bfa6ab,0x71e2909c735c4b8901d38ee230617afb8d2e072fa2f4ccdf2685c0ff9e749a99,0x95222290dd7278aa3ddd389cc1e1d165cc4bafe5,11841821,30000000,6987390639,152
21540166,1735861607,2025-01-02T23:46:47Z,0x75f32f05b5a706fd0b21f5bd44cf5a54e3047ddf6362bc119e61ef32de64f79b,0xc97a0661292fee5c519c569a7d06e6c3cb67a28b15fd296be03e289011bfa6ab,0x95222290dd7278aa3ddd389cc1e1d165cc4bafe5,14577418,30000000,6803495386,190
21540167,1735861619,2025-01-02T23:46:59Z,0x6ad146f12311ce24da0de28ff4ec866ffdef42bf0a45a4cb653fa4950dd7138d,0x75f32f05b5a706fd0b21f5bd44cf5a54e3047ddf6362bc119e61ef32de64f79b,0x95222290dd7278aa3ddd389cc1e1d165cc4bafe5,16900429,30000000,6779536764,198
21540168,1735861631,2025-01-02T23:47:11Z,0x66797aabb52cb05de69ea118671352869ea260fb82ad03b8536a47c53f3affce,0x6ad146f12311ce24da0de28ff4ec866ffdef42bf0a45a4cb653fa4950dd7138d,0xed6fa1b383b5e2f87385b5222d26fb5466ef5163,8952175,30000000,6886903666,121
21540169,1735861643,2025-01-02T23:47:23Z,0x8845e624ef92007f4405eded24bc9f100a9ed9dfee2dedc99bef0dc1bf4b6b70,0x66797aabb52cb05de69ea118671352869ea260fb82ad03b8536a47c53f3affce,0x4838b106fce9647bdf1e7877bf73ce8b0bad5f97,23759447,30000000,6539813765,215
21540170,1735861655,2025-01-02T23:47:35Z,0x9f252d138a45e64f478d34c5fb2ea73dd90a3d7ad3ea4e809a0b500f4092185f,0x8845e624ef92007f4405eded24bc9f100a9ed9dfee2dedc99bef0dc1bf4b6b70,0x4838b106fce9647bdf1e7877bf73ce8b0bad5f97,9982090,30000000,7017190032,111
21540171,1735861667,2025-01-02T23:47:47Z,0xe6d5dcd40ccdecbc99da2690ea90cb5ad12b4c7a54e91623282289f10cd2fbad,0x9f252d138a45e64f478d34c5fb2ea73dd90a3d7ad3ea4e809a0b500f4092185f,0x4838b106fce9647bdf1e7877bf73ce8b0bad5f97,15211888,30000000,6723759799,224
21540172,1735861679,2025-01-02T23:47:59Z,0x618e36df281cd53dc29627a1d30d31c9ebc23d14881156291b6e85968dc4e0fa,0xe6d5dcd40ccdecbc99da2690ea90cb5ad12b4c7a54e91623282289f10cd2fbad,0x95222290dd7278aa3ddd389cc1e1d165cc4bafe5,15791462,30000000,6735632165,146
21540173,1735861691,2025-01-02T23:48:11Z,0xadc8518d6c2e9aac7342b064686bfc36b464f1bd27f03ec07a88c313a6525700,0x618e36df281cd53dc29627a1d30d31c9ebc23d14881156291b6e85968dc4e0fa,0x4838b106fce9647bdf1e7877bf73ce8b0bad5f97,13538778,30000000,6780057139,157
21540174,1735861703,2025-01-02T23:48:23Z,0xbc8a629fe8a0b2386f7c9c508a2c881c412e97534b4a5ba7d6828a1dad428951,0xadc8518d6c2e9aac7342b064686bfc36b464f1bd27f03ec07a88c313a6525700,0x08acc32ddc906c1da9460dde83062eb842008f11,5250260,30000000,6697497401,78
21540175,1735861715,2025-01-02T23:48:35Z,0x5bb7606477e25bc38b6bcee85e17ac88ec179bb36aabb2f2bd9e82333ac9f0b6,0xbc8a629fe8a0b2386f7c9c508a2c881c412e97534b4a5ba7d6828a1dad428951,0x4838b106fce9647bdf1e7877bf73ce8b0bad5f97,30011168,30029295,6153340249,392
21540176,1735861727,2025-01-02T23:48:47Z,0x41ce3750874b7488234aeeb83912b9c59f442a5477e9941b51123bfe2b103697,0x5bb7606477e25bc38b6bcee85e17ac88ec179bb36aabb2f2bd9e82333ac9f0b6,0x95222290dd7278aa3ddd389cc1e1d165cc4bafe5,9784787,30000000,6921579224,114
21540177,1735861739,2025-01-02T23:48:59Z,0x6352f607648100322e09ed532c73df69ff8e5028e6b58ffb21243738c195929c,0x41ce3750874b7488234aeeb83912b9c59f442a5477e9941b51123bfe2b103697,0x95222290dd7278aa3ddd389cc1e1d165cc4bafe5,25418845,30029295,6620766642,267
21540178,1735861751,2025-01-02T23:49:11Z,0x97673fc686cce05588ae6320beee799115e3b35b1f445301412cf6ee008e7ba5,0x6352f607648100322e09ed532c73df69ff8e5028e6b58ffb21243738c195929c,0x4838b106fce9647bdf1e7877bf73ce8b0bad5f97,13180683,30000000,7194238058,147
21540179,1735861763,2025-01-02T23:49:23Z,0x95c56521242028c0f5115ab7ec128f594ae4b62471441101604f38ee5dd9de0a,0x97673fc686cce05588ae6320beee799115e3b35b1f445301412cf6ee008e7ba5,0x95222290dd7278aa3ddd389cc1e1d165cc4bafe5,14090680,30029295,7085166395,136
21540180,1735861775,2025-01-02T23:49:35Z,0x77e51ba3296645bc998c65e371745ce088b3cc0bee8721369dbdc95718fb3bd7,0x95c56521242028c0f5115ab7ec128f594ae4b62471441101604f38ee5dd9de0a,0x95222290dd7278aa3ddd389cc1e1d165cc4bafe5,5502976,30000000,7030665781,68
21540181,1735861787,2025-01-02T23:49:47Z,0x7984a3ba52650e163442e4beec28d7ea146ebcfef2623d682f32798e988eff73,0x77e51ba3296645bc998c65e371745ce088b3cc0bee8721369dbdc95718fb3bd7,0x95222290dd7278aa3ddd389cc1e1d165cc4bafe5,15581626,30029295,6474245768,200
21540182,1735861799,2025-01-02T23:49:59Z,0x8dd4efeef4e479fd3878d6a17ec179222eeea209635884a1acac4a4da70cc411,0x7984a3ba52650e163442e4beec28d7ea146ebcfef2623d682f32798e988eff73,0x95222290dd7278aa3ddd389cc1e1d165cc4bafe5,11981876,30058619,6504805605,125
21540183,1735861811,2025-01-02T23:50:11Z,0x9aa5585dec219df54cba6739cbf7c6ce703e93ecb5e6dab2775ced48d18a9e6d,0x8dd4efeef4e479fd3878d6a17ec179222eeea209635884a1acac4a4da70cc411,0x95222290dd7278aa3ddd389cc1e1d165cc4bafe5,20019865,30029266,6339936422,221
21540184,1735861823,2025-01-02T23:50:23Z,0xee7261eaa03066fc77481dd94044b5c9fdfa0ef05bb52fb97c67f212f8e6bbbc,0x9aa5585dec219df54cba6739cbf7c6ce703e93ecb5e6dab2775ced48d18a9e6d,0x4838b106fce9647bdf1e7877bf73ce8b0bad5f97,15177846,30000000,6604119141,165
21540185,1735861835,2025-01-02T23:50:35Z,0x0df80d70448fac7b45f2c5cde174d02ba984f328ba222efdce4fcafc962481ef,0xee7261eaa03066fc77481dd94044b5c9fdfa0ef05bb52fb97c67f212f8e6bbbc,0x95222290dd7278aa3ddd389cc1e1d165cc4bafe5,13705606,30000000,6613906775,144
21540186,1735861847,2025-01-02T23:50:47Z,0x79e031038890d66bc1e803c1bc31acdb3388b38cae0a3f66c3fe42ea3f64a0f4,0x0df80d70448fac7b45f2c5cde174d02ba984f328ba222efdce4fcafc962481ef,0x13f2241aa64bb6da2b74553fa9e12b713b74f334,5886842,30000000,6542565098,84
21540187,1735861859,2025-01-02T23:50:59Z,0x1dfcf1fe01152fcd3312884386593b8ba5006bd85a2569bb03cdeb4681304f30,0x79e031038890d66bc1e803c1bc31acdb3388b38cae0a3f66c3fe42ea3f64a0f4,0x4838b106fce9647bdf1e7877bf73ce8b0bad5f97,29035134,30000000,6045703186,288
21540188,1735861871,2025-01-02T23:51:11Z,0x4686b3430aaf02ecee4942c4c13f2345c8b833bdc2e617a37a19e453a53b2fa2,0x1dfcf1fe01152fcd3312884386593b8ba5006bd85a2569bb03cdeb4681304f30,0x4838b106fce9647bdf1e7877bf73ce8b0bad5f97,17497389,30000000,6752805305,155
21540189,1735861883,2025-01-02T23:51:23Z,0x8af75e9a970a53acc0cef23b30e2d9f32cf8cebd5e76e59a6759cada4c488306,0x4686b3430aaf02ecee4942c4c13f2345c8b833bdc2e617a37a19e453a53b2fa2,0xaf31be4f8ba0702ea00fe691a0fa3ae60a140c8b,5380496,30000000,6893341819,71
21540190,1735861895,2025-01-02T23:51:35Z,0xf14cb41f4ff45c3726e0fd3066f5226421daff4c8c9efb294f42bf214a800363,0x8af75e9a970a53acc0cef23b30e2d9f32cf8cebd5e76e59a6759cada4c488306,0x4838b106fce9647bdf1e7877bf73ce8b0bad5f97,26570289,30029295,6340754076,255
21540191,1735861907,2025-01-02T23:51:47Z,0xb7b682e873d0a00a9a7c0e777a068bf556cda2942cd72ed4ef6939838f36c63d,0xf14cb41f4ff45c3726e0fd3066f5226421daff4c8c9efb294f42bf214a800363,0x95222290dd7278aa3ddd389cc1e1d165cc4bafe5,11101168,30000000,6950754132,123
21540192,1735861919,2025-01-02T23:51:59Z,0xf6b81489fc3cda8fcfe4d1d4f512604fd2e7004c4aaf6f3561ea582a668bfc91,0xb7b682e873d0a00a9a7c0e777a068bf556cda2942cd72ed4ef6939838f36c63d,0x95222290dd7278aa3ddd389cc1e1d165cc4bafe5,18206885,30000000,6724922277,248
21540193,1735861931,2025-01-02T23:52:11Z,0x8d5fd0c98a0b59fdf5569b326402c6cdd21ee8266212041e40fcc8c8e982c27b,0xf6b81489fc3cda8fcfe4d1d4f512604fd2e7004c4aaf6f3561ea582a668bfc91,0x4838b106fce9647bdf1e7877bf73ce8b0bad5f97,18739792,30000000,6904639380,270
21540194,1735861943,2025-01-02T23:52:23Z,0x5c0a8fa8ccd93375482d94de1c2a41b5c54ca4985d054d6357f51dc2235a834b,0x8d5fd0c98a0b59fdf5569b326402c6cdd21ee8266212041e40fcc8c8e982c27b,0x4838b106fce9647bdf1e7877bf73ce8b0bad5f97,12081596,30000000,7119822005,125
21540195,1735861955,2025-01-02T23:52:35Z,0x308fee4674c10fec2e9745f8a4e5a5f7ba848a45dd02eac33157c58e7f9bcf7f,0x5c0a8fa8ccd93375482d94de1c2a41b5c54ca4985d054d6357f51dc2235a834b,0x95222290dd7278aa3ddd389cc1e1d165cc4bafe5,13032625,30000000,6946667697,141
21540196,1735861967,2025-01-02T23:52:47Z,0x8e6219e983d93ddb0481e8d960ea2c0dcd10f8384b8866438be5ef9ce86499ab,0x308fee4674c10fec2e9745f8a4e5a5f7ba848a45dd02eac33157c58e7f9bcf7f,0x4838b106fce9647bdf1e7877bf73ce8b0bad5f97,19383001,30000000,6832778528,188
21540197,1735861979,2025-01-02T23:52:59Z,0x4bc82eda0338fddba520d816157d7b4954d4543053cae8834463bebf4af80526,0x8e6219e983d93ddb0481e8d960ea2c0dcd10f8384b8866438be5ef9ce86499ab,0x4838b106fce9647bdf1e7877bf73ce8b0bad5f97,11775230,30029295,7082345820,142
21540198,1735861991,2025-01-02T23:53:11Z,0xcc3bc3a4f6c103c7f8a88e9b8a13d63b98543e51f517cb16fbbcc2689a91815a,0x4bc82eda0338fddba520d816157d7b4954d4543053cae8834463bebf4af80526,0x95222290dd7278aa3ddd389cc1e1d165cc4bafe5,14740179,30000000,6891343399,183
21540199,1735862003,2025-01-02T23:53:23Z,0x70a907f275e2ebdd45d68ab3e639c864c6ee914e7c7b2027d62efb5f22eac4cb,0xcc3bc3a4f6c103c7f8a88e9b8a13d63b98543e51f517cb16fbbcc2689a91815a,0x95222290dd7278aa3ddd389cc1e1d165cc4bafe5,11786192,30000000,6876422435,136
21540200,1735862015,2025-01-02T23:53:35Z,0x71d79470b9e3571dd4e263e38f42e6b6f584535127fd42229333a03bf59ad18a,0x70a907f275e2ebdd45d68ab3e639c864c6ee914e7c7b2027d62efb5f22eac4cb,0x95222290dd7278aa3ddd389cc1e1d165cc4bafe5,12560910,30000000,6692259924,192
